,Count,Sequences,Exists in Initial Population,Initial Population Sequences that Variant Exists In
"Variant A67V, occurrence in GISAID = 20.51%",23,"['Seq 1', 'Seq 2', 'Seq 3', 'Seq 4', 'Seq 5', 'Seq 6', 'Seq 7', 'Seq 8', 'Seq 9', 'Seq 10', 'Seq 11', 'Seq 12', 'Seq 14', 'Seq 15', 'Seq 16', 'Seq 17', 'Seq 18', 'Seq 20', 'Seq 21', 'Seq 22', 'Seq 23', 'Seq 24', 'Seq 25']",True,"['Seq 2', 'Seq 6']"
"Variant T95I, occurrence in GISAID = 36.57%",25,"['Seq 1', 'Seq 2', 'Seq 3', 'Seq 4', 'Seq 5', 'Seq 6', 'Seq 7', 'Seq 8', 'Seq 9', 'Seq 10', 'Seq 11', 'Seq 12', 'Seq 13', 'Seq 14', 'Seq 15', 'Seq 16', 'Seq 17', 'Seq 18', 'Seq 19', 'Seq 20', 'Seq 21', 'Seq 22', 'Seq 23', 'Seq 24', 'Seq 25']",True,"['Seq 4', 'Seq 6']"
"Variant V126I, occurrence in GISAID = 0.00%",5,"['Seq 1', 'Seq 10', 'Seq 21', 'Seq 22', 'Seq 25']",False,
"Variant G142D, occurrence in GISAID = 62.73%",25,"['Seq 1', 'Seq 2', 'Seq 3', 'Seq 4', 'Seq 5', 'Seq 6', 'Seq 7', 'Seq 8', 'Seq 9', 'Seq 10', 'Seq 11', 'Seq 12', 'Seq 13', 'Seq 14', 'Seq 15', 'Seq 16', 'Seq 17', 'Seq 18', 'Seq 19', 'Seq 20', 'Seq 21', 'Seq 22', 'Seq 23', 'Seq 24', 'Seq 25']",True,"['Seq 5', 'Seq 6']"
"Variant L176M, occurrence in GISAID = 0.00%",1,['Seq 1'],False,
"Variant N211I, occurrence in GISAID = 0.06%",23,"['Seq 1', 'Seq 3', 'Seq 4', 'Seq 5', 'Seq 6', 'Seq 7', 'Seq 8', 'Seq 9', 'Seq 10', 'Seq 11', 'Seq 12', 'Seq 13', 'Seq 14', 'Seq 15', 'Seq 16', 'Seq 18', 'Seq 19', 'Seq 20', 'Seq 21', 'Seq 22', 'Seq 23', 'Seq 24', 'Seq 25']",True,['Seq 6']
"Variant I231L, occurrence in GISAID = 0.00%",3,"['Seq 1', 'Seq 3', 'Seq 9']",False,
"Variant V327I, occurrence in GISAID = 0.02%",1,['Seq 1'],False,
"Variant G339D, occurrence in GISAID = 35.47%",25,"['Seq 1', 'Seq 2', 'Seq 3', 'Seq 4', 'Seq 5', 'Seq 6', 'Seq 7', 'Seq 8', 'Seq 9', 'Seq 10', 'Seq 11', 'Seq 12', 'Seq 13', 'Seq 14', 'Seq 15', 'Seq 16', 'Seq 17', 'Seq 18', 'Seq 19', 'Seq 20', 'Seq 21', 'Seq 22', 'Seq 23', 'Seq 24', 'Seq 25']",True,"['Seq 5', 'Seq 6']"
"Variant S371L, occurrence in GISAID = 18.87%",25,"['Seq 1', 'Seq 2', 'Seq 3', 'Seq 4', 'Seq 5', 'Seq 6', 'Seq 7', 'Seq 8', 'Seq 9', 'Seq 10', 'Seq 11', 'Seq 12', 'Seq 13', 'Seq 14', 'Seq 15', 'Seq 16', 'Seq 17', 'Seq 18', 'Seq 19', 'Seq 20', 'Seq 21', 'Seq 22', 'Seq 23', 'Seq 24', 'Seq 25']",True,['Seq 6']
"Variant S373P, occurrence in GISAID = 34.84%",25,"['Seq 1', 'Seq 2', 'Seq 3', 'Seq 4', 'Seq 5', 'Seq 6', 'Seq 7', 'Seq 8', 'Seq 9', 'Seq 10', 'Seq 11', 'Seq 12', 'Seq 13', 'Seq 14', 'Seq 15', 'Seq 16', 'Seq 17', 'Seq 18', 'Seq 19', 'Seq 20', 'Seq 21', 'Seq 22', 'Seq 23', 'Seq 24', 'Seq 25']",True,"['Seq 5', 'Seq 6']"
"Variant S375F, occurrence in GISAID = 34.73%",25,"['Seq 1', 'Seq 2', 'Seq 3', 'Seq 4', 'Seq 5', 'Seq 6', 'Seq 7', 'Seq 8', 'Seq 9', 'Seq 10', 'Seq 11', 'Seq 12', 'Seq 13', 'Seq 14', 'Seq 15', 'Seq 16', 'Seq 17', 'Seq 18', 'Seq 19', 'Seq 20', 'Seq 21', 'Seq 22', 'Seq 23', 'Seq 24', 'Seq 25']",True,"['Seq 5', 'Seq 6']"
"Variant K417N, occurrence in GISAID = 29.75%",25,"['Seq 1', 'Seq 2', 'Seq 3', 'Seq 4', 'Seq 5', 'Seq 6', 'Seq 7', 'Seq 8', 'Seq 9', 'Seq 10', 'Seq 11', 'Seq 12', 'Seq 13', 'Seq 14', 'Seq 15', 'Seq 16', 'Seq 17', 'Seq 18', 'Seq 19', 'Seq 20', 'Seq 21', 'Seq 22', 'Seq 23', 'Seq 24', 'Seq 25']",True,"['Seq 3', 'Seq 5', 'Seq 6']"
"Variant N440K, occurrence in GISAID = 29.09%",25,"['Seq 1', 'Seq 2', 'Seq 3', 'Seq 4', 'Seq 5', 'Seq 6', 'Seq 7', 'Seq 8', 'Seq 9', 'Seq 10', 'Seq 11', 'Seq 12', 'Seq 13', 'Seq 14', 'Seq 15', 'Seq 16', 'Seq 17', 'Seq 18', 'Seq 19', 'Seq 20', 'Seq 21', 'Seq 22', 'Seq 23', 'Seq 24', 'Seq 25']",True,"['Seq 5', 'Seq 6']"
"Variant G446S, occurrence in GISAID = 14.99%",24,"['Seq 1', 'Seq 2', 'Seq 3', 'Seq 4', 'Seq 5', 'Seq 6', 'Seq 7', 'Seq 8', 'Seq 9', 'Seq 10', 'Seq 11', 'Seq 12', 'Seq 13', 'Seq 14', 'Seq 15', 'Seq 17', 'Seq 18', 'Seq 19', 'Seq 20', 'Seq 21', 'Seq 22', 'Seq 23', 'Seq 24', 'Seq 25']",True,['Seq 6']
"Variant S477N, occurrence in GISAID = 35.58%",25,"['Seq 1', 'Seq 2', 'Seq 3', 'Seq 4', 'Seq 5', 'Seq 6', 'Seq 7', 'Seq 8', 'Seq 9', 'Seq 10', 'Seq 11', 'Seq 12', 'Seq 13', 'Seq 14', 'Seq 15', 'Seq 16', 'Seq 17', 'Seq 18', 'Seq 19', 'Seq 20', 'Seq 21', 'Seq 22', 'Seq 23', 'Seq 24', 'Seq 25']",True,"['Seq 5', 'Seq 6']"
"Variant T478K, occurrence in GISAID = 74.15%",24,"['Seq 1', 'Seq 2', 'Seq 3', 'Seq 4', 'Seq 5', 'Seq 6', 'Seq 7', 'Seq 8', 'Seq 10', 'Seq 11', 'Seq 12', 'Seq 13', 'Seq 14', 'Seq 15', 'Seq 16', 'Seq 17', 'Seq 18', 'Seq 19', 'Seq 20', 'Seq 21', 'Seq 22', 'Seq 23', 'Seq 24', 'Seq 25']",True,"['Seq 4', 'Seq 5', 'Seq 6']"
"Variant E484A, occurrence in GISAID = 34.95%",25,"['Seq 1', 'Seq 2', 'Seq 3', 'Seq 4', 'Seq 5', 'Seq 6', 'Seq 7', 'Seq 8', 'Seq 9', 'Seq 10', 'Seq 11', 'Seq 12', 'Seq 13', 'Seq 14', 'Seq 15', 'Seq 16', 'Seq 17', 'Seq 18', 'Seq 19', 'Seq 20', 'Seq 21', 'Seq 22', 'Seq 23', 'Seq 24', 'Seq 25']",True,"['Seq 5', 'Seq 6']"
"Variant Q493R, occurrence in GISAID = 34.21%",25,"['Seq 1', 'Seq 2', 'Seq 3', 'Seq 4', 'Seq 5', 'Seq 6', 'Seq 7', 'Seq 8', 'Seq 9', 'Seq 10', 'Seq 11', 'Seq 12', 'Seq 13', 'Seq 14', 'Seq 15', 'Seq 16', 'Seq 17', 'Seq 18', 'Seq 19', 'Seq 20', 'Seq 21', 'Seq 22', 'Seq 23', 'Seq 24', 'Seq 25']",True,"['Seq 5', 'Seq 6']"
"Variant G496S, occurrence in GISAID = 18.71%",23,"['Seq 1', 'Seq 2', 'Seq 3', 'Seq 5', 'Seq 7', 'Seq 8', 'Seq 9', 'Seq 10', 'Seq 11', 'Seq 12', 'Seq 13', 'Seq 14', 'Seq 15', 'Seq 16', 'Seq 17', 'Seq 18', 'Seq 19', 'Seq 20', 'Seq 21', 'Seq 22', 'Seq 23', 'Seq 24', 'Seq 25']",True,['Seq 6']
"Variant Q498R, occurrence in GISAID = 33.84%",24,"['Seq 1', 'Seq 2', 'Seq 3', 'Seq 4', 'Seq 6', 'Seq 7', 'Seq 8', 'Seq 9', 'Seq 10', 'Seq 11', 'Seq 12', 'Seq 13', 'Seq 14', 'Seq 15', 'Seq 16', 'Seq 17', 'Seq 18', 'Seq 19', 'Seq 20', 'Seq 21', 'Seq 22', 'Seq 23', 'Seq 24', 'Seq 25']",True,"['Seq 5', 'Seq 6']"
"Variant N501Y, occurrence in GISAID = 45.77%",25,"['Seq 1', 'Seq 2', 'Seq 3', 'Seq 4', 'Seq 5', 'Seq 6', 'Seq 7', 'Seq 8', 'Seq 9', 'Seq 10', 'Seq 11', 'Seq 12', 'Seq 13', 'Seq 14', 'Seq 15', 'Seq 16', 'Seq 17', 'Seq 18', 'Seq 19', 'Seq 20', 'Seq 21', 'Seq 22', 'Seq 23', 'Seq 24', 'Seq 25']",True,"['Seq 1', 'Seq 2', 'Seq 3', 'Seq 5', 'Seq 6']"
"Variant Y505H, occurrence in GISAID = 33.96%",25,"['Seq 1', 'Seq 2', 'Seq 3', 'Seq 4', 'Seq 5', 'Seq 6', 'Seq 7', 'Seq 8', 'Seq 9', 'Seq 10', 'Seq 11', 'Seq 12', 'Seq 13', 'Seq 14', 'Seq 15', 'Seq 16', 'Seq 17', 'Seq 18', 'Seq 19', 'Seq 20', 'Seq 21', 'Seq 22', 'Seq 23', 'Seq 24', 'Seq 25']",True,"['Seq 5', 'Seq 6']"
"Variant A520T, occurrence in GISAID = 0.00%",1,['Seq 1'],False,
"Variant T547K, occurrence in GISAID = 20.60%",23,"['Seq 1', 'Seq 2', 'Seq 3', 'Seq 5', 'Seq 6', 'Seq 7', 'Seq 8', 'Seq 9', 'Seq 10', 'Seq 11', 'Seq 13', 'Seq 14', 'Seq 15', 'Seq 16', 'Seq 17', 'Seq 18', 'Seq 19', 'Seq 20', 'Seq 21', 'Seq 22', 'Seq 23', 'Seq 24', 'Seq 25']",True,['Seq 6']
"Variant D614G, occurrence in GISAID = 99.50%",25,"['Seq 1', 'Seq 2', 'Seq 3', 'Seq 4', 'Seq 5', 'Seq 6', 'Seq 7', 'Seq 8', 'Seq 9', 'Seq 10', 'Seq 11', 'Seq 12', 'Seq 13', 'Seq 14', 'Seq 15', 'Seq 16', 'Seq 17', 'Seq 18', 'Seq 19', 'Seq 20', 'Seq 21', 'Seq 22', 'Seq 23', 'Seq 24', 'Seq 25']",True,"['Seq 1', 'Seq 2', 'Seq 3', 'Seq 4', 'Seq 5', 'Seq 6']"
"Variant A626T, occurrence in GISAID = 0.00%",1,['Seq 1'],False,
"Variant H655Y, occurrence in GISAID = 37.94%",25,"['Seq 1', 'Seq 2', 'Seq 3', 'Seq 4', 'Seq 5', 'Seq 6', 'Seq 7', 'Seq 8', 'Seq 9', 'Seq 10', 'Seq 11', 'Seq 12', 'Seq 13', 'Seq 14', 'Seq 15', 'Seq 16', 'Seq 17', 'Seq 18', 'Seq 19', 'Seq 20', 'Seq 21', 'Seq 22', 'Seq 23', 'Seq 24', 'Seq 25']",True,"['Seq 2', 'Seq 5', 'Seq 6']"
"Variant N679K, occurrence in GISAID = 37.15%",25,"['Seq 1', 'Seq 2', 'Seq 3', 'Seq 4', 'Seq 5', 'Seq 6', 'Seq 7', 'Seq 8', 'Seq 9', 'Seq 10', 'Seq 11', 'Seq 12', 'Seq 13', 'Seq 14', 'Seq 15', 'Seq 16', 'Seq 17', 'Seq 18', 'Seq 19', 'Seq 20', 'Seq 21', 'Seq 22', 'Seq 23', 'Seq 24', 'Seq 25']",True,"['Seq 5', 'Seq 6']"
"Variant P681H, occurrence in GISAID = 48.46%",25,"['Seq 1', 'Seq 2', 'Seq 3', 'Seq 4', 'Seq 5', 'Seq 6', 'Seq 7', 'Seq 8', 'Seq 9', 'Seq 10', 'Seq 11', 'Seq 12', 'Seq 13', 'Seq 14', 'Seq 15', 'Seq 16', 'Seq 17', 'Seq 18', 'Seq 19', 'Seq 20', 'Seq 21', 'Seq 22', 'Seq 23', 'Seq 24', 'Seq 25']",True,"['Seq 1', 'Seq 5', 'Seq 6']"
"Variant K733R, occurrence in GISAID = 0.00%",1,['Seq 1'],False,
"Variant N764K, occurrence in GISAID = 34.37%",22,"['Seq 1', 'Seq 2', 'Seq 4', 'Seq 5', 'Seq 6', 'Seq 7', 'Seq 8', 'Seq 9', 'Seq 10', 'Seq 11', 'Seq 12', 'Seq 13', 'Seq 14', 'Seq 15', 'Seq 16', 'Seq 17', 'Seq 19', 'Seq 20', 'Seq 21', 'Seq 22', 'Seq 23', 'Seq 25']",True,"['Seq 5', 'Seq 6']"
"Variant A783S, occurrence in GISAID = 0.01%",2,"['Seq 1', 'Seq 8']",False,
"Variant D796Y, occurrence in GISAID = 36.91%",24,"['Seq 1', 'Seq 2', 'Seq 4', 'Seq 5', 'Seq 6', 'Seq 7', 'Seq 8', 'Seq 9', 'Seq 10', 'Seq 11', 'Seq 12', 'Seq 13', 'Seq 14', 'Seq 15', 'Seq 16', 'Seq 17', 'Seq 18', 'Seq 19', 'Seq 20', 'Seq 21', 'Seq 22', 'Seq 23', 'Seq 24', 'Seq 25']",True,"['Seq 5', 'Seq 6']"
"Variant L922F, occurrence in GISAID = 0.03%",7,"['Seq 1', 'Seq 4', 'Seq 13', 'Seq 15', 'Seq 17', 'Seq 24', 'Seq 25']",True,['Seq 5']
"Variant Q954H, occurrence in GISAID = 37.05%",24,"['Seq 1', 'Seq 2', 'Seq 4', 'Seq 5', 'Seq 6', 'Seq 7', 'Seq 8', 'Seq 9', 'Seq 10', 'Seq 11', 'Seq 12', 'Seq 13', 'Seq 14', 'Seq 15', 'Seq 16', 'Seq 17', 'Seq 18', 'Seq 19', 'Seq 20', 'Seq 21', 'Seq 22', 'Seq 23', 'Seq 24', 'Seq 25']",True,"['Seq 5', 'Seq 6']"
"Variant N969K, occurrence in GISAID = 37.11%",23,"['Seq 1', 'Seq 2', 'Seq 4', 'Seq 5', 'Seq 6', 'Seq 7', 'Seq 8', 'Seq 9', 'Seq 10', 'Seq 11', 'Seq 12', 'Seq 13', 'Seq 14', 'Seq 15', 'Seq 16', 'Seq 17', 'Seq 18', 'Seq 19', 'Seq 20', 'Seq 21', 'Seq 23', 'Seq 24', 'Seq 25']",True,"['Seq 5', 'Seq 6']"
"Variant Q1106H, occurrence in GISAID = 0.00%",1,['Seq 1'],False,
"Variant V16I, occurrence in GISAID = 0.00%",1,['Seq 2'],False,
"Variant L18V, occurrence in GISAID = 0.00%",1,['Seq 2'],False,
"Variant S205A, occurrence in GISAID = 0.00%",1,['Seq 2'],False,
"Variant N211V, occurrence in GISAID = 0.00%",2,"['Seq 2', 'Seq 17']",False,
"Variant S255T, occurrence in GISAID = 0.00%",1,['Seq 2'],False,
"Variant Y380F, occurrence in GISAID = 0.00%",2,"['Seq 2', 'Seq 22']",False,
"Variant Q607K, occurrence in GISAID = 0.00%",1,['Seq 2'],False,
"Variant V615I, occurrence in GISAID = 0.01%",3,"['Seq 2', 'Seq 14', 'Seq 22']",False,
"Variant E654Q, occurrence in GISAID = 0.02%",1,['Seq 2'],False,
"Variant N856K, occurrence in GISAID = 20.62%",18,"['Seq 2', 'Seq 5', 'Seq 6', 'Seq 7', 'Seq 8', 'Seq 9', 'Seq 10', 'Seq 11', 'Seq 12', 'Seq 13', 'Seq 14', 'Seq 16', 'Seq 18', 'Seq 19', 'Seq 20', 'Seq 21', 'Seq 22', 'Seq 23']",True,['Seq 6']
"Variant S929A, occurrence in GISAID = 0.00%",1,['Seq 2'],False,
"Variant A944S, occurrence in GISAID = 0.00%",1,['Seq 2'],False,
"Variant L981F, occurrence in GISAID = 20.61%",18,"['Seq 2', 'Seq 5', 'Seq 6', 'Seq 7', 'Seq 8', 'Seq 9', 'Seq 10', 'Seq 11', 'Seq 12', 'Seq 13', 'Seq 14', 'Seq 16', 'Seq 18', 'Seq 19', 'Seq 20', 'Seq 21', 'Seq 22', 'Seq 23']",True,['Seq 6']
"Variant E1031Y, occurrence in GISAID = 0.00%",1,['Seq 2'],False,
"Variant I1114V, occurrence in GISAID = 0.01%",5,"['Seq 2', 'Seq 6', 'Seq 11', 'Seq 19', 'Seq 21']",False,
"Variant L1193K, occurrence in GISAID = 0.00%",1,['Seq 2'],False,
"Variant Y1215F, occurrence in GISAID = 0.00%",1,['Seq 2'],False,
"Variant L1270M, occurrence in GISAID = 0.00%",1,['Seq 2'],False,
"Variant L18I, occurrence in GISAID = 0.00%",1,['Seq 3'],False,
"Variant V159I, occurrence in GISAID = 0.01%",1,['Seq 3'],False,
"Variant S255M, occurrence in GISAID = 0.00%",1,['Seq 3'],False,
"Variant I285V, occurrence in GISAID = 0.00%",1,['Seq 3'],False,
"Variant V382I, occurrence in GISAID = 0.00%",3,"['Seq 3', 'Seq 10', 'Seq 23']",False,
"Variant L441M, occurrence in GISAID = 0.00%",2,"['Seq 3', 'Seq 18']",False,
"Variant L611F, occurrence in GISAID = 0.00%",1,['Seq 3'],False,
"Variant V635I, occurrence in GISAID = 0.00%",3,"['Seq 3', 'Seq 4', 'Seq 8']",False,
"Variant S640A, occurrence in GISAID = 0.00%",1,['Seq 3'],False,
"Variant Q677E, occurrence in GISAID = 0.07%",1,['Seq 3'],False,
"Variant A701S, occurrence in GISAID = 0.02%",1,['Seq 3'],False,
"Variant S813T, occurrence in GISAID = 0.00%",2,"['Seq 3', 'Seq 12']",False,
"Variant R847E, occurrence in GISAID = 0.00%",1,['Seq 3'],False,
"Variant I973L, occurrence in GISAID = 0.00%",1,['Seq 3'],False,
"Variant T1027I, occurrence in GISAID = 0.83%",1,['Seq 3'],True,['Seq 2']
"Variant V1176F, occurrence in GISAID = 0.88%",1,['Seq 3'],True,['Seq 2']
"Variant I1179V, occurrence in GISAID = 0.02%",1,['Seq 3'],False,
"Variant I1183V, occurrence in GISAID = 0.01%",1,['Seq 3'],False,
"Variant N164T, occurrence in GISAID = 0.02%",1,['Seq 4'],False,
"Variant L582F, occurrence in GISAID = 0.00%",1,['Seq 4'],False,
"Variant R682K, occurrence in GISAID = 0.00%",2,"['Seq 4', 'Seq 8']",False,
"Variant I844V, occurrence in GISAID = 0.01%",2,"['Seq 4', 'Seq 20']",False,
"Variant S937A, occurrence in GISAID = 0.00%",1,['Seq 4'],False,
"Variant V976Y, occurrence in GISAID = 0.00%",1,['Seq 4'],False,
"Variant K129Q, occurrence in GISAID = 0.00%",1,['Seq 5'],False,
"Variant S205H, occurrence in GISAID = 0.00%",1,['Seq 5'],False,
"Variant K206R, occurrence in GISAID = 0.00%",1,['Seq 5'],False,
"Variant S640L, occurrence in GISAID = 0.00%",1,['Seq 5'],False,
"Variant R646K, occurrence in GISAID = 0.00%",1,['Seq 5'],False,
"Variant A706C, occurrence in GISAID = 0.00%",1,['Seq 5'],False,
"Variant S939T, occurrence in GISAID = 0.00%",1,['Seq 5'],False,
"Variant V987I, occurrence in GISAID = 0.00%",1,['Seq 5'],False,
"Variant V1065I, occurrence in GISAID = 0.00%",2,"['Seq 5', 'Seq 15']",False,
"Variant E1092R, occurrence in GISAID = 0.00%",1,['Seq 5'],False,
"Variant I1114M, occurrence in GISAID = 0.00%",1,['Seq 5'],False,
"Variant L1152I, occurrence in GISAID = 0.00%",1,['Seq 5'],False,
"Variant I1216V, occurrence in GISAID = 0.01%",1,['Seq 5'],False,
"Variant G72D, occurrence in GISAID = 0.00%",1,['Seq 6'],False,
"Variant V159M, occurrence in GISAID = 0.00%",1,['Seq 6'],False,
"Variant N460R, occurrence in GISAID = 0.00%",1,['Seq 6'],False,
"Variant F486Y, occurrence in GISAID = 0.00%",2,"['Seq 6', 'Seq 12']",False,
"Variant G496T, occurrence in GISAID = 0.00%",1,['Seq 6'],False,
"Variant K558Q, occurrence in GISAID = 0.00%",1,['Seq 6'],False,
"Variant V622L, occurrence in GISAID = 0.00%",1,['Seq 6'],False,
"Variant I794M, occurrence in GISAID = 0.00%",2,"['Seq 6', 'Seq 12']",False,
"Variant V860I, occurrence in GISAID = 0.01%",3,"['Seq 6', 'Seq 18', 'Seq 19']",False,
"Variant A876S, occurrence in GISAID = 0.00%",1,['Seq 6'],False,
"Variant I1132V, occurrence in GISAID = 0.02%",1,['Seq 6'],False,
"Variant V1189I, occurrence in GISAID = 0.00%",2,"['Seq 6', 'Seq 7']",False,
"Variant V16L, occurrence in GISAID = 0.00%",1,['Seq 7'],False,
"Variant T240V, occurrence in GISAID = 0.00%",1,['Seq 7'],False,
"Variant L249I, occurrence in GISAID = 0.00%",2,"['Seq 7', 'Seq 16']",False,
"Variant S255P, occurrence in GISAID = 0.00%",1,['Seq 7'],False,
"Variant A288L, occurrence in GISAID = 0.00%",1,['Seq 7'],False,
"Variant S297A, occurrence in GISAID = 0.00%",1,['Seq 7'],False,
"Variant K378R, occurrence in GISAID = 0.00%",2,"['Seq 7', 'Seq 16']",False,
"Variant L452M, occurrence in GISAID = 0.09%",1,['Seq 7'],False,
"Variant V1040I, occurrence in GISAID = 0.00%",1,['Seq 7'],False,
"Variant L1265I, occurrence in GISAID = 0.00%",1,['Seq 7'],False,
"Variant E309Q, occurrence in GISAID = 0.06%",1,['Seq 8'],False,
"Variant A372H, occurrence in GISAID = 0.00%",1,['Seq 8'],False,
"Variant A435Y, occurrence in GISAID = 0.00%",1,['Seq 8'],False,
"Variant I468L, occurrence in GISAID = 0.00%",1,['Seq 8'],False,
"Variant E583Q, occurrence in GISAID = 0.01%",1,['Seq 8'],False,
"Variant V722I, occurrence in GISAID = 0.01%",1,['Seq 8'],False,
"Variant S45A, occurrence in GISAID = 0.00%",1,['Seq 9'],False,
"Variant K113Y, occurrence in GISAID = 0.00%",1,['Seq 9'],False,
"Variant V267I, occurrence in GISAID = 0.00%",1,['Seq 9'],False,
"Variant L390M, occurrence in GISAID = 0.00%",2,"['Seq 9', 'Seq 21']",False,
"Variant T478R, occurrence in GISAID = 0.01%",1,['Seq 9'],False,
"Variant T573I, occurrence in GISAID = 0.06%",1,['Seq 9'],False,
"Variant S640K, occurrence in GISAID = 0.00%",1,['Seq 9'],False,
"Variant A688T, occurrence in GISAID = 0.01%",1,['Seq 9'],False,
"Variant E780D, occurrence in GISAID = 0.01%",1,['Seq 9'],False,
"Variant I794V, occurrence in GISAID = 0.00%",1,['Seq 9'],False,
"Variant K825R, occurrence in GISAID = 0.00%",1,['Seq 9'],False,
"Variant A845C, occurrence in GISAID = 0.00%",1,['Seq 9'],False,
"Variant S937D, occurrence in GISAID = 0.00%",1,['Seq 9'],False,
"Variant S940A, occurrence in GISAID = 0.00%",1,['Seq 9'],False,
"Variant A942C, occurrence in GISAID = 0.00%",1,['Seq 9'],False,
"Variant S1021R, occurrence in GISAID = 0.00%",1,['Seq 9'],False,
"Variant S116T, occurrence in GISAID = 0.00%",1,['Seq 10'],False,
"Variant S254T, occurrence in GISAID = 0.00%",1,['Seq 10'],False,
"Variant A292G, occurrence in GISAID = 0.00%",1,['Seq 10'],False,
"Variant T323N, occurrence in GISAID = 0.00%",1,['Seq 10'],False,
"Variant N532H, occurrence in GISAID = 0.00%",1,['Seq 10'],False,
"Variant S555V, occurrence in GISAID = 0.00%",1,['Seq 10'],False,
"Variant Q580R, occurrence in GISAID = 0.00%",1,['Seq 10'],False,
"Variant I726V, occurrence in GISAID = 0.00%",1,['Seq 10'],False,
"Variant I805L, occurrence in GISAID = 0.00%",1,['Seq 10'],False,
"Variant A899V, occurrence in GISAID = 0.00%",1,['Seq 10'],False,
"Variant V991I, occurrence in GISAID = 0.00%",1,['Seq 10'],False,
"Variant N1108H, occurrence in GISAID = 0.00%",1,['Seq 10'],False,
"Variant S1147A, occurrence in GISAID = 0.00%",1,['Seq 10'],False,
"Variant L18M, occurrence in GISAID = 0.00%",3,"['Seq 11', 'Seq 18', 'Seq 25']",False,
"Variant Q52M, occurrence in GISAID = 0.00%",1,['Seq 11'],False,
"Variant L212I, occurrence in GISAID = 18.97%",2,"['Seq 11', 'Seq 14']",False,
"Variant T286S, occurrence in GISAID = 0.00%",1,['Seq 11'],False,
"Variant A609I, occurrence in GISAID = 0.00%",1,['Seq 11'],False,
"Variant V772I, occurrence in GISAID = 0.12%",2,"['Seq 11', 'Seq 24']",False,
"Variant K790R, occurrence in GISAID = 0.00%",1,['Seq 11'],False,
"Variant D848N, occurrence in GISAID = 0.00%",1,['Seq 11'],False,
"Variant L1024M, occurrence in GISAID = 0.00%",5,"['Seq 11', 'Seq 12', 'Seq 18', 'Seq 19', 'Seq 20']",False,
"Variant S31T, occurrence in GISAID = 0.00%",1,['Seq 12'],False,
"Variant K113R, occurrence in GISAID = 0.00%",1,['Seq 12'],False,
"Variant L176H, occurrence in GISAID = 0.00%",1,['Seq 12'],False,
"Variant E180D, occurrence in GISAID = 0.00%",1,['Seq 12'],False,
"Variant V367I, occurrence in GISAID = 0.01%",2,"['Seq 12', 'Seq 21']",False,
"Variant V687I, occurrence in GISAID = 0.02%",2,"['Seq 12', 'Seq 13']",False,
"Variant I1221V, occurrence in GISAID = 0.01%",1,['Seq 12'],False,
"Variant I1225V, occurrence in GISAID = 0.01%",2,"['Seq 12', 'Seq 18']",False,
"Variant A67I, occurrence in GISAID = 0.00%",2,"['Seq 13', 'Seq 19']",False,
"Variant V83I, occurrence in GISAID = 0.01%",1,['Seq 13'],False,
"Variant R408K, occurrence in GISAID = 0.00%",1,['Seq 13'],False,
"Variant V483I, occurrence in GISAID = 0.01%",1,['Seq 13'],False,
"Variant R646H, occurrence in GISAID = 0.01%",1,['Seq 13'],False,
"Variant I666V, occurrence in GISAID = 0.00%",1,['Seq 13'],False,
"Variant S686M, occurrence in GISAID = 0.00%",1,['Seq 13'],False,
"Variant A694W, occurrence in GISAID = 0.00%",1,['Seq 13'],False,
"Variant I909L, occurrence in GISAID = 0.00%",1,['Seq 13'],False,
"Variant L945M, occurrence in GISAID = 0.00%",1,['Seq 13'],False,
"Variant S967D, occurrence in GISAID = 0.00%",1,['Seq 13'],False,
"Variant Y1110W, occurrence in GISAID = 0.00%",1,['Seq 13'],False,
"Variant E1111Q, occurrence in GISAID = 0.02%",1,['Seq 13'],False,
"Variant V90I, occurrence in GISAID = 0.01%",1,['Seq 14'],False,
"Variant V213K, occurrence in GISAID = 0.00%",1,['Seq 14'],False,
"Variant R214E, occurrence in GISAID = 0.06%",1,['Seq 14'],False,
"Variant Y369W, occurrence in GISAID = 0.00%",1,['Seq 14'],False,
"Variant R634H, occurrence in GISAID = 0.00%",1,['Seq 14'],False,
"Variant S721A, occurrence in GISAID = 0.00%",1,['Seq 14'],False,
"Variant K814R, occurrence in GISAID = 0.00%",1,['Seq 14'],False,
"Variant E918Q, occurrence in GISAID = 0.00%",1,['Seq 14'],False,
"Variant E1144Q, occurrence in GISAID = 0.01%",1,['Seq 14'],False,
"Variant A292S, occurrence in GISAID = 0.01%",1,['Seq 15'],False,
"Variant R408E, occurrence in GISAID = 0.00%",1,['Seq 15'],False,
"Variant E554T, occurrence in GISAID = 0.00%",1,['Seq 15'],False,
"Variant T761A, occurrence in GISAID = 0.00%",1,['Seq 15'],False,
"Variant A846S, occurrence in GISAID = 0.02%",1,['Seq 15'],False,
"Variant S12N, occurrence in GISAID = 0.00%",1,['Seq 16'],False,
"Variant T73S, occurrence in GISAID = 0.00%",1,['Seq 16'],False,
"Variant Q173K, occurrence in GISAID = 0.04%",1,['Seq 16'],False,
"Variant V227I, occurrence in GISAID = 0.01%",1,['Seq 16'],False,
"Variant T284N, occurrence in GISAID = 0.00%",1,['Seq 16'],False,
"Variant I332V, occurrence in GISAID = 0.00%",2,"['Seq 16', 'Seq 20']",False,
"Variant E340Q, occurrence in GISAID = 0.00%",1,['Seq 16'],False,
"Variant G446D, occurrence in GISAID = 0.00%",1,['Seq 16'],False,
"Variant T572M, occurrence in GISAID = 0.00%",1,['Seq 16'],False,
"Variant S591A, occurrence in GISAID = 0.00%",2,"['Seq 16', 'Seq 25']",False,
"Variant I844H, occurrence in GISAID = 0.00%",1,['Seq 16'],False,
"Variant P1213Q, occurrence in GISAID = 0.00%",1,['Seq 16'],False,
"Variant K557R, occurrence in GISAID = 0.00%",1,['Seq 17'],False,
"Variant A609S, occurrence in GISAID = 0.00%",1,['Seq 17'],False,
"Variant L629V, occurrence in GISAID = 0.00%",1,['Seq 17'],False,
"Variant T883M, occurrence in GISAID = 0.00%",1,['Seq 17'],False,
"Variant A1087V, occurrence in GISAID = 0.00%",1,['Seq 17'],False,
"Variant L7I, occurrence in GISAID = 0.00%",1,['Seq 18'],False,
"Variant L226M, occurrence in GISAID = 0.00%",1,['Seq 18'],False,
"Variant T393I, occurrence in GISAID = 0.00%",1,['Seq 18'],False,
"Variant D405N, occurrence in GISAID = 15.91%",1,['Seq 18'],True,['Seq 5']
"Variant S530A, occurrence in GISAID = 0.00%",1,['Seq 18'],False,
"Variant A609C, occurrence in GISAID = 0.00%",1,['Seq 18'],False,
"Variant L629M, occurrence in GISAID = 0.00%",2,"['Seq 18', 'Seq 24']",False,
"Variant S640N, occurrence in GISAID = 0.00%",1,['Seq 18'],False,
"Variant N764R, occurrence in GISAID = 0.00%",2,"['Seq 18', 'Seq 24']",False,
"Variant I805F, occurrence in GISAID = 0.00%",1,['Seq 18'],False,
"Variant F817Y, occurrence in GISAID = 0.00%",1,['Seq 18'],False,
"Variant V976I, occurrence in GISAID = 0.00%",1,['Seq 18'],False,
"Variant V1128M, occurrence in GISAID = 0.00%",1,['Seq 18'],False,
"Variant F1256Y, occurrence in GISAID = 0.00%",1,['Seq 18'],False,
"Variant V3N, occurrence in GISAID = 0.00%",1,['Seq 19'],False,
"Variant A27S, occurrence in GISAID = 15.70%",1,['Seq 19'],False,
"Variant S305T, occurrence in GISAID = 0.00%",1,['Seq 19'],False,
"Variant T604H, occurrence in GISAID = 0.00%",1,['Seq 19'],False,
"Variant T618S, occurrence in GISAID = 0.00%",1,['Seq 19'],False,
"Variant I624V, occurrence in GISAID = 0.00%",1,['Seq 19'],False,
"Variant Q677M, occurrence in GISAID = 0.00%",1,['Seq 19'],False,
"Variant I973V, occurrence in GISAID = 0.00%",1,['Seq 19'],False,
"Variant S1021T, occurrence in GISAID = 0.00%",1,['Seq 19'],False,
"Variant V1128I, occurrence in GISAID = 0.01%",2,"['Seq 19', 'Seq 21']",False,
"Variant I1183L, occurrence in GISAID = 0.00%",1,['Seq 19'],False,
"Variant N1187K, occurrence in GISAID = 0.00%",1,['Seq 19'],False,
"Variant I1227V, occurrence in GISAID = 0.01%",1,['Seq 19'],False,
"Variant L1244I, occurrence in GISAID = 0.00%",1,['Seq 19'],False,
"Variant V3I, occurrence in GISAID = 0.01%",1,['Seq 20'],False,
"Variant L8I, occurrence in GISAID = 0.00%",1,['Seq 20'],False,
"Variant S161A, occurrence in GISAID = 0.00%",1,['Seq 20'],False,
"Variant K195A, occurrence in GISAID = 0.00%",1,['Seq 20'],False,
"Variant V367A, occurrence in GISAID = 0.00%",1,['Seq 20'],False,
"Variant V539I, occurrence in GISAID = 0.00%",1,['Seq 20'],False,
"Variant L650I, occurrence in GISAID = 0.00%",1,['Seq 20'],False,
"Variant E725Q, occurrence in GISAID = 0.00%",2,"['Seq 20', 'Seq 22']",False,
"Variant I909M, occurrence in GISAID = 0.00%",1,['Seq 20'],False,
"Variant D936K, occurrence in GISAID = 0.00%",1,['Seq 20'],False,
"Variant S1021M, occurrence in GISAID = 0.00%",1,['Seq 20'],False,
"Variant K1045N, occurrence in GISAID = 0.01%",1,['Seq 20'],False,
"Variant S1239K, occurrence in GISAID = 0.00%",1,['Seq 20'],False,
"Variant T19I, occurrence in GISAID = 16.26%",1,['Seq 21'],True,['Seq 5']
"Variant S60T, occurrence in GISAID = 0.00%",1,['Seq 21'],False,
"Variant A123S, occurrence in GISAID = 0.01%",1,['Seq 21'],False,
"Variant Q183N, occurrence in GISAID = 0.00%",1,['Seq 21'],False,
"Variant R237H, occurrence in GISAID = 0.00%",1,['Seq 21'],False,
"Variant L249M, occurrence in GISAID = 0.00%",2,"['Seq 21', 'Seq 23']",False,
"Variant I285M, occurrence in GISAID = 0.00%",1,['Seq 21'],False,
"Variant T531Q, occurrence in GISAID = 0.00%",1,['Seq 21'],False,
"Variant T581V, occurrence in GISAID = 0.00%",1,['Seq 21'],False,
"Variant E1188T, occurrence in GISAID = 0.00%",1,['Seq 21'],False,
"Variant A1222E, occurrence in GISAID = 0.00%",1,['Seq 21'],False,
"Variant K41R, occurrence in GISAID = 0.00%",1,['Seq 22'],False,
"Variant F220Y, occurrence in GISAID = 0.00%",1,['Seq 22'],False,
"Variant S255A, occurrence in GISAID = 0.00%",1,['Seq 22'],False,
"Variant Q474E, occurrence in GISAID = 0.00%",1,['Seq 22'],False,
"Variant S704T, occurrence in GISAID = 0.00%",1,['Seq 22'],False,
"Variant N969S, occurrence in GISAID = 0.00%",1,['Seq 22'],False,
"Variant K147R, occurrence in GISAID = 0.00%",1,['Seq 23'],False,
"Variant Y449F, occurrence in GISAID = 0.00%",1,['Seq 23'],False,
"Variant A688Y, occurrence in GISAID = 0.00%",1,['Seq 23'],False,
"Variant R1091Q, occurrence in GISAID = 0.00%",1,['Seq 23'],False,
"Variant E1092S, occurrence in GISAID = 0.00%",1,['Seq 23'],False,
"Variant A27N, occurrence in GISAID = 0.00%",1,['Seq 24'],False,
"Variant A372T, occurrence in GISAID = 0.00%",1,['Seq 24'],False,
"Variant L387I, occurrence in GISAID = 0.00%",1,['Seq 24'],False,
"Variant V445I, occurrence in GISAID = 0.00%",1,['Seq 24'],False,
"Variant S686T, occurrence in GISAID = 0.00%",1,['Seq 24'],False,
"Variant L727I, occurrence in GISAID = 0.00%",1,['Seq 24'],False,
"Variant V736I, occurrence in GISAID = 0.01%",1,['Seq 24'],False,
"Variant L841I, occurrence in GISAID = 0.00%",1,['Seq 24'],False,
"Variant E988D, occurrence in GISAID = 0.00%",1,['Seq 24'],False,
"Variant E1017Q, occurrence in GISAID = 0.00%",1,['Seq 24'],False,
"Variant I1172V, occurrence in GISAID = 0.00%",1,['Seq 24'],False,
"Variant K278Q, occurrence in GISAID = 0.00%",1,['Seq 25'],False,
"Variant R357K, occurrence in GISAID = 0.04%",1,['Seq 25'],False,
"Variant S596T, occurrence in GISAID = 0.00%",1,['Seq 25'],False,
"Variant V622I, occurrence in GISAID = 0.02%",1,['Seq 25'],False,
"Variant K1073E, occurrence in GISAID = 0.01%",1,['Seq 25'],False,
